ES,DPE,DPA,MIP
3.415213,0.955391,0.002939,1458.206777
3907.576447,3907.576447,4003.179979,112.839331
1,1.000000,0.327000,1.000000
0,0.000000,0.024466,-0.971123
