ES,DPE,DPA,MIP
3.233600,1.518342,0.002293,1327.299746
3652.768824,3652.768824,3823.921245,110.794538
1,1.000000,0.021000,1.000000
0,0.000000,0.046856,-0.969668
