ES,DPE,DPA,MIP
3.687052,1.126289,0.002213,0.130692
4650.774729,4650.774729,4682.003985,1852.956857
1,1.000000,0.738000,0.851000
0,0.000000,0.006715,-0.601581
