ES,DPE,DPA,MIP
3.099328,1.284196,0.002013,0.213184
6138.606191,6138.606191,6142.549545,3186.980713
1,1.000000,0.947000,0.831000
0,0.000000,0.000642,-0.480830
