ES,DPE,DPA,MIP
3.643398,2.059667,0.002901,110.389072
4575.274660,4575.300537,4589.635227,108.527858
1,0.999000,0.855000,1.000000
0,0.000006,0.003139,-0.976279
