ES,DPE,DPA,MIP
3.927343,2.219123,0.002365,108.122990
6121.097860,6121.108122,6123.626635,119.560078
1,0.999000,0.956000,1.000000
0,0.000002,0.000413,-0.980468
