ES,DPE,DPA,MIP
3.867656,2.083155,0.002769,109.558066
3544.147010,3544.187417,3580.338805,49.439673
1,0.999000,0.717000,1.000000
0,0.000011,0.010212,-0.986050
