ES,DPE,DPA,MIP
3.725725,2.141062,0.002444,111.580857
2978.739250,2978.739250,3026.655644,80.157811
1,1.000000,0.426000,1.000000
0,0.000000,0.016086,-0.973090
