ES,DPE,DPA,MIP
0.023457,0.018909,0.000298,0.000000
5291.636041,5291.636041,5294.724522,0.000000
1,1.000000,0.967000,1.000000
0,0.000000,0.000584,-1.000000
