ES,DPE,DPA,MIP
0.022756,0.018021,0.000321,0.000000
4080.895001,4080.897470,4095.117328,0.000000
1,0.999000,0.858000,1.000000
0,0.000001,0.003485,-1.000000
