ES,DPE,DPA,MIP
0.022683,0.019845,0.000330,0.000000
2955.820691,2955.820691,3009.557654,0.000000
1,1.000000,0.266000,1.000000
0,0.000000,0.018180,-1.000000
