ES,DPE,DPA,MIP
0.023544,0.017298,0.000329,0.000000
3277.552796,3277.552796,3316.930021,0.000000
1,1.000000,0.659000,1.000000
0,0.000000,0.012014,-1.000000
