ES,DPE,DPA,MIP
0.026312,0.017349,0.000447,2650.189648
4100.733302,4101.022994,4105.438615,0.000000
1,0.995000,0.940000,1.000000
0,0.000071,0.001147,-1.000000
