ES,DPE,DPA,MIP
0.033780,0.018218,0.000417,1325.368712
3219.743646,3219.743646,3230.165593,0.000000
1,1.000000,0.890000,1.000000
0,0.000000,0.003237,-1.000000
