ES,DPE,DPA,MIP
0.031552,0.017999,0.000400,3173.738126
5257.901877,5257.914312,5258.556697,0.000000
1,0.999000,0.988000,1.000000
0,0.000002,0.000125,-1.000000
