ES,DPE,DPA,MIP
0.027318,0.019752,0.000530,1288.562235
2459.674533,2459.674533,2504.186651,0.000000
1,1.000000,0.771000,1.000000
0,0.000000,0.018097,-1.000000
