ES,DPE,DPA,MIP
0.295911,0.166320,0.001006,794.345377
4356.697567,4356.697567,4376.458711,4038.944008
1,1.000000,0.799000,0.599000
0,0.000000,0.004536,-0.072935
