ES,DPE,DPA,MIP
0.303652,0.175293,0.000789,1401.711613
5748.840136,5748.840136,5751.545727,5049.383963
1,1.000000,0.965000,0.670000
0,0.000000,0.000471,-0.121669
