ES,DPE,DPA,MIP
0.310918,0.158991,0.001003,793.947248
3496.202762,3496.202762,3565.252240,3106.785666
1,1.000000,0.504000,0.658000
0,0.000000,0.019750,-0.111383
