ES,DPE,DPA,MIP
0.287541,0.190504,0.000884,476.742205
3059.563940,3059.563940,3133.390120,2518.855943
1,1.000000,0.206000,0.803000
0,0.000000,0.024130,-0.176727
