ES,DPE,DPA,MIP
0.326324,0.180571,0.001188,1369.759070
4331.915752,4332.050891,4341.408538,1760.067017
1,0.995000,0.889000,0.969000
0,0.000031,0.002191,-0.593698
