ES,DPE,DPA,MIP
0.315163,0.210349,0.001251,111.580857
2872.063917,2872.063917,2927.210881,113.373668
1,1.000000,0.455000,1.000000
0,0.000000,0.019201,-0.960525
