ES,DPE,DPA,MIP
0.354479,0.187149,0.001067,2086.512515
5703.576679,5703.579083,5705.820127,1322.766989
1,0.999000,0.972000,0.999000
0,0.000000,0.000393,-0.768081
