ES,DPE,DPA,MIP
0.363711,0.157333,0.001024,110.478254
3391.435784,3391.504600,3410.808435,115.312654
1,0.999000,0.818000,1.000000
0,0.000020,0.005712,-0.965999
